{"cameraMode":{"drawMode":0,"name":"Shaded","section":"Shading Mode"},"sceneLighting":true,"audioPlay":false,"sceneViewState":{"showFog":false,"showMaterialUpdate":false,"showSkybox":false,"showFlares":false,"showImageEffects":false,"showParticleSystems":false},"in2DMode":false,"pivot":{"x":319.8768615722656,"y":172.54234313964845,"z":95.44940185546875},"rotation":{"x":-0.10361020267009735,"y":-0.01581651158630848,"z":0.001647762954235077,"w":-0.9944922924041748},"size":214.94253540039063,"orthographic":false}