{"cameraMode":{"drawMode":0,"name":"Shaded","section":"Shading Mode"},"sceneLighting":true,"audioPlay":false,"sceneViewState":{"showFog":false,"showMaterialUpdate":false,"showSkybox":false,"showFlares":false,"showImageEffects":false,"showParticleSystems":false},"in2DMode":false,"pivot":{"x":13.138382911682129,"y":-5.828847885131836,"z":-4.665781021118164},"rotation":{"x":0.4245392382144928,"y":0.06075362116098404,"z":-0.028557462617754937,"w":0.9029267430305481},"size":4.802690505981445,"orthographic":false}