{"cameraMode":{"drawMode":0,"name":"Shaded","section":"Shading Mode"},"sceneLighting":true,"audioPlay":false,"sceneViewState":{"showFog":false,"showMaterialUpdate":false,"showSkybox":false,"showFlares":false,"showImageEffects":false,"showParticleSystems":false},"in2DMode":false,"pivot":{"x":-498.6364440917969,"y":-455.8098449707031,"z":-355.2014465332031},"rotation":{"x":0.13628017902374268,"y":-0.8461857438087463,"z":0.25899988412857058,"w":0.4453694224357605},"size":473.0473327636719,"orthographic":false}