{"cameraMode":{"drawMode":0,"name":"Shaded","section":"Shading Mode"},"sceneLighting":true,"audioPlay":false,"sceneViewState":{"showFog":false,"showMaterialUpdate":false,"showSkybox":false,"showFlares":false,"showImageEffects":false,"showParticleSystems":false},"in2DMode":false,"pivot":{"x":-714.10205078125,"y":-139.51304626464845,"z":-509.5545654296875},"rotation":{"x":-0.036577362567186359,"y":0.884637713432312,"z":-0.07050175219774246,"w":-0.45950767397880556},"size":447.20458984375,"orthographic":false}