{"cameraMode":{"drawMode":0,"name":"Shaded","section":"Shading Mode"},"sceneLighting":true,"audioPlay":false,"sceneViewState":{"showFog":false,"showMaterialUpdate":false,"showSkybox":false,"showFlares":false,"showImageEffects":false,"showParticleSystems":false},"in2DMode":false,"pivot":{"x":377.9783020019531,"y":267.2845458984375,"z":10.76220703125},"rotation":{"x":-0.014994768425822258,"y":-0.02519829384982586,"z":0.00037802595761604607,"w":-0.9995689392089844},"size":259.5384521484375,"orthographic":false}
