{"cameraMode":{"drawMode":0,"name":"Shaded","section":"Shading Mode"},"sceneLighting":true,"audioPlay":false,"sceneViewState":{"showFog":false,"showMaterialUpdate":false,"showSkybox":false,"showFlares":false,"showImageEffects":false,"showParticleSystems":false},"in2DMode":false,"pivot":{"x":307.11663818359377,"y":122.99112701416016,"z":-58.557708740234378},"rotation":{"x":0.030597345903515817,"y":-9.952857027428763e-8,"z":0.0000011808608633145923,"w":0.9995356202125549},"size":343.47357177734377,"orthographic":false}