{"cameraMode":{"drawMode":0,"name":"Shaded","section":"Shading Mode"},"sceneLighting":true,"audioPlay":false,"sceneViewState":{"showFog":false,"showMaterialUpdate":false,"showSkybox":false,"showFlares":false,"showImageEffects":false,"showParticleSystems":false},"in2DMode":false,"pivot":{"x":259.2099609375,"y":161.1758270263672,"z":143.78680419921876},"rotation":{"x":-0.027296895161271097,"y":-0.026075392961502076,"z":0.0007122738752514124,"w":-0.999287486076355},"size":267.5715637207031,"orthographic":false}