{"cameraMode":{"drawMode":0,"name":"Shaded","section":"Shading Mode"},"sceneLighting":true,"audioPlay":false,"sceneViewState":{"showFog":false,"showMaterialUpdate":false,"showSkybox":false,"showFlares":false,"showImageEffects":false,"showParticleSystems":false},"in2DMode":false,"pivot":{"x":557.645263671875,"y":302.0874938964844,"z":-15.787689208984375},"rotation":{"x":0.011101724579930306,"y":-0.0030000112019479276,"z":0.000034245145798195153,"w":0.9999374747276306},"size":304.84393310546877,"orthographic":false}