{"cameraMode":{"drawMode":0,"name":"Shaded","section":"Shading Mode"},"sceneLighting":true,"audioPlay":false,"sceneViewState":{"showFog":false,"showMaterialUpdate":false,"showSkybox":false,"showFlares":true,"showImageEffects":true,"showParticleSystems":true},"in2DMode":false,"pivot":{"x":254.0440673828125,"y":126.99534606933594,"z":494.6037292480469},"rotation":{"x":-0.037195850163698199,"y":-0.009023535996675492,"z":0.000044860949856229126,"w":-0.9993799924850464},"size":416.3645935058594,"orthographic":false}