{"cameraMode":{"drawMode":0,"name":"Shaded","section":"Shading Mode"},"sceneLighting":true,"audioPlay":false,"sceneViewState":{"showFog":false,"showMaterialUpdate":false,"showSkybox":false,"showFlares":true,"showImageEffects":true,"showParticleSystems":true},"in2DMode":false,"pivot":{"x":287.1748046875,"y":168.37449645996095,"z":331.2352294921875},"rotation":{"x":0.006301586050540209,"y":-0.000018774093405227177,"z":-0.0003101639449596405,"w":-1.00009024143219},"size":335.5654296875,"orthographic":false}