{"cameraMode":{"drawMode":0,"name":"Shaded","section":"Shading Mode"},"sceneLighting":true,"audioPlay":false,"sceneViewState":{"showFog":false,"showMaterialUpdate":false,"showSkybox":false,"showFlares":false,"showImageEffects":false,"showParticleSystems":false},"in2DMode":false,"pivot":{"x":543.4255981445313,"y":261.0636291503906,"z":-16.783248901367189},"rotation":{"x":0.011101724579930306,"y":-0.0030000112019479276,"z":0.000034245145798195153,"w":0.9999374747276306},"size":267.6757507324219,"orthographic":false}