{"cameraMode":{"drawMode":0,"name":"Shaded","section":"Shading Mode"},"sceneLighting":true,"audioPlay":false,"sceneViewState":{"showFog":false,"showMaterialUpdate":false,"showSkybox":false,"showFlares":false,"showImageEffects":false,"showParticleSystems":false},"in2DMode":false,"pivot":{"x":14.994422912597657,"y":2.0965538024902345,"z":-5.999250411987305},"rotation":{"x":0.01061997376382351,"y":0.983224630355835,"z":-0.17162252962589265,"w":0.06084167957305908},"size":15.529693603515625,"orthographic":false}