{"cameraMode":{"drawMode":0,"name":"Shaded","section":"Shading Mode"},"sceneLighting":false,"audioPlay":false,"sceneViewState":{"showFog":false,"showMaterialUpdate":false,"showSkybox":false,"showFlares":true,"showImageEffects":true,"showParticleSystems":true},"in2DMode":false,"pivot":{"x":2.5847249031066896,"y":3.565401077270508,"z":36.21249008178711},"rotation":{"x":-0.09806602448225022,"y":-0.6516809463500977,"z":0.08510657399892807,"w":-0.7474470734596252},"size":1.0139563083648682,"orthographic":false}