{"cameraMode":{"drawMode":0,"name":"Shaded","section":"Shading Mode"},"sceneLighting":true,"audioPlay":false,"sceneViewState":{"showFog":false,"showMaterialUpdate":false,"showSkybox":false,"showFlares":true,"showImageEffects":true,"showParticleSystems":true},"in2DMode":false,"pivot":{"x":111.72859954833985,"y":103.49429321289063,"z":471.6839599609375},"rotation":{"x":-0.0699920728802681,"y":0.0627720057964325,"z":-0.004704638384282589,"w":-0.9956724047660828},"size":403.3105163574219,"orthographic":false}