{"cameraMode":{"drawMode":0,"name":"Shaded","section":"Shading Mode"},"sceneLighting":true,"audioPlay":false,"sceneViewState":{"showFog":false,"showMaterialUpdate":false,"showSkybox":false,"showFlares":true,"showImageEffects":true,"showParticleSystems":true},"in2DMode":false,"pivot":{"x":347.0481262207031,"y":220.41648864746095,"z":346.277587890625},"rotation":{"x":0.003302170429378748,"y":0.0029806196689605715,"z":-0.0002976189716719091,"w":-1.0000983476638795},"size":433.71527099609377,"orthographic":false}