{"cameraMode":{"drawMode":0,"name":"Shaded","section":"Shading Mode"},"sceneLighting":false,"audioPlay":false,"sceneViewState":{"showFog":true,"showMaterialUpdate":false,"showSkybox":false,"showFlares":true,"showImageEffects":true,"showParticleSystems":true},"in2DMode":false,"pivot":{"x":280.27606201171877,"y":122.8156967163086,"z":10.610584259033204},"rotation":{"x":-0.00659880181774497,"y":0.029994823038578035,"z":0.00019778209389187396,"w":0.9995270371437073},"size":329.6134033203125,"orthographic":true}