{"cameraMode":{"drawMode":0,"name":"Shaded","section":"Shading Mode"},"sceneLighting":true,"audioPlay":false,"sceneViewState":{"showFog":false,"showMaterialUpdate":false,"showSkybox":false,"showFlares":false,"showImageEffects":false,"showParticleSystems":false},"in2DMode":false,"pivot":{"x":533.7300415039063,"y":132.29022216796876,"z":-122.87469482421875},"rotation":{"x":0.0034018107689917089,"y":0.9704522490501404,"z":-0.2408929467201233,"w":0.01370017696171999},"size":372.2915954589844,"orthographic":false}