{"cameraMode":{"drawMode":0,"name":"Shaded","section":"Shading Mode"},"sceneLighting":true,"audioPlay":false,"sceneViewState":{"showFog":false,"showMaterialUpdate":false,"showSkybox":false,"showFlares":false,"showImageEffects":false,"showParticleSystems":false},"in2DMode":false,"pivot":{"x":431.0257568359375,"y":305.3780212402344,"z":262.7684326171875},"rotation":{"x":0.016808971762657167,"y":0.008363032713532448,"z":-0.00016123855311889201,"w":0.999846875667572},"size":459.89105224609377,"orthographic":false}