{"cameraMode":{"drawMode":0,"name":"Shaded","section":"Shading Mode"},"sceneLighting":true,"audioPlay":false,"sceneViewState":{"showFog":false,"showMaterialUpdate":false,"showSkybox":false,"showFlares":false,"showImageEffects":false,"showParticleSystems":false},"in2DMode":false,"pivot":{"x":627.6300659179688,"y":197.2222137451172,"z":923.8245849609375},"rotation":{"x":-0.05540991574525833,"y":-0.050856053829193118,"z":0.0027941421139985325,"w":-0.9971869587898254},"size":745.345458984375,"orthographic":false}