{"cameraMode":{"drawMode":0,"name":"Shaded","section":"Shading Mode"},"sceneLighting":true,"audioPlay":false,"sceneViewState":{"showFog":false,"showMaterialUpdate":false,"showSkybox":false,"showFlares":false,"showImageEffects":false,"showParticleSystems":false},"in2DMode":false,"pivot":{"x":612.977783203125,"y":224.1378631591797,"z":-52.3597412109375},"rotation":{"x":0.030597345903515817,"y":-9.952857027428763e-8,"z":0.0000011808608633145923,"w":0.9995356202125549},"size":347.676513671875,"orthographic":false}