{"cameraMode":{"drawMode":0,"name":"Shaded","section":"Shading Mode"},"sceneLighting":true,"audioPlay":false,"sceneViewState":{"showFog":false,"showMaterialUpdate":false,"showSkybox":false,"showFlares":true,"showImageEffects":true,"showParticleSystems":true},"in2DMode":false,"pivot":{"x":218.1914825439453,"y":153.97950744628907,"z":219.68182373046876},"rotation":{"x":-0.09551344811916352,"y":0.028321022167801858,"z":-0.003063783748075366,"w":-0.9951174259185791},"size":375.8839111328125,"orthographic":false}