{"cameraMode":{"drawMode":0,"name":"Shaded","section":"Shading Mode"},"sceneLighting":false,"audioPlay":false,"sceneViewState":{"showFog":false,"showMaterialUpdate":false,"showSkybox":false,"showFlares":true,"showImageEffects":true,"showParticleSystems":true},"in2DMode":false,"pivot":{"x":-6.865622043609619,"y":1.333872675895691,"z":10.860000610351563},"rotation":{"x":0.11224647611379624,"y":0.8413406014442444,"z":-0.1908055543899536,"w":0.49329882860183718},"size":0.4899911880493164,"orthographic":false}