{"cameraMode":{"drawMode":0,"name":"Shaded","section":"Shading Mode"},"sceneLighting":true,"audioPlay":false,"sceneViewState":{"showFog":false,"showMaterialUpdate":false,"showSkybox":false,"showFlares":false,"showImageEffects":false,"showParticleSystems":false},"in2DMode":false,"pivot":{"x":6.534658432006836,"y":-2.0371265411376955,"z":18.45797348022461},"rotation":{"x":-0.20166464149951936,"y":0.7270733714103699,"z":-0.2400558441877365,"w":-0.6107959151268005},"size":4.600447654724121,"orthographic":false}