{"cameraMode":{"drawMode":0,"name":"Shaded","section":"Shading Mode"},"sceneLighting":true,"audioPlay":false,"sceneViewState":{"showFog":false,"showMaterialUpdate":false,"showSkybox":false,"showFlares":false,"showImageEffects":false,"showParticleSystems":false},"in2DMode":false,"pivot":{"x":-104.72029113769531,"y":-44.475318908691409,"z":163.75364685058595},"rotation":{"x":0.07562711089849472,"y":-0.4036369323730469,"z":0.0335015170276165,"w":0.9111759066581726},"size":146.20492553710938,"orthographic":false}