{"cameraMode":{"drawMode":0,"name":"Shaded","section":"Shading Mode"},"sceneLighting":false,"audioPlay":false,"sceneViewState":{"showFog":true,"showMaterialUpdate":false,"showSkybox":false,"showFlares":true,"showImageEffects":true,"showParticleSystems":true},"in2DMode":false,"pivot":{"x":38.322425842285159,"y":0.7188472747802734,"z":-15.89731216430664},"rotation":{"x":-0.0006137336022220552,"y":-0.9992834329605103,"z":0.03298834338784218,"w":-0.01859043352305889},"size":40.92190170288086,"orthographic":true}