{"cameraMode":{"drawMode":0,"name":"Shaded","section":"Shading Mode"},"sceneLighting":true,"audioPlay":false,"sceneViewState":{"showFog":false,"showMaterialUpdate":false,"showSkybox":false,"showFlares":false,"showImageEffects":false,"showParticleSystems":false},"in2DMode":false,"pivot":{"x":468.3539733886719,"y":268.18914794921877,"z":-47.179847717285159},"rotation":{"x":-0.027306152507662774,"y":0.00241103651933372,"z":-0.00006587998359464109,"w":-0.9996254444122315},"size":299.9089660644531,"orthographic":false}