{"cameraMode":{"drawMode":0,"name":"Shaded","section":"Shading Mode"},"sceneLighting":true,"audioPlay":false,"sceneViewState":{"showFog":false,"showMaterialUpdate":false,"showSkybox":false,"showFlares":false,"showImageEffects":false,"showParticleSystems":false},"in2DMode":false,"pivot":{"x":310.6062316894531,"y":187.37161254882813,"z":57.78007507324219},"rotation":{"x":0.12001770734786987,"y":0.005952287930995226,"z":-0.0007196545484475791,"w":0.9927557110786438},"size":220.9373321533203,"orthographic":false}