{"cameraMode":{"drawMode":0,"name":"Shaded","section":"Shading Mode"},"sceneLighting":true,"audioPlay":false,"sceneViewState":{"showFog":false,"showMaterialUpdate":false,"showSkybox":false,"showFlares":false,"showImageEffects":false,"showParticleSystems":false},"in2DMode":false,"pivot":{"x":-121.41190338134766,"y":2.8457999229431154,"z":7.846094131469727},"rotation":{"x":-0.012499992735683918,"y":0.9762712717056274,"z":-0.05864669382572174,"w":-0.2080855518579483},"size":4.538415908813477,"orthographic":true}