{"cameraMode":{"drawMode":0,"name":"Shaded","section":"Shading Mode"},"sceneLighting":true,"audioPlay":false,"sceneViewState":{"showFog":false,"showMaterialUpdate":false,"showSkybox":false,"showFlares":false,"showImageEffects":false,"showParticleSystems":false},"in2DMode":false,"pivot":{"x":477.6583557128906,"y":398.4749450683594,"z":-28.1617431640625},"rotation":{"x":-0.035389237105846408,"y":0.008994105271995068,"z":0.0003192941949237138,"w":0.9993354678153992},"size":326.40582275390627,"orthographic":false}