{"cameraMode":{"drawMode":0,"name":"Shaded","section":"Shading Mode"},"sceneLighting":false,"audioPlay":false,"sceneViewState":{"showFog":false,"showMaterialUpdate":false,"showSkybox":false,"showFlares":true,"showImageEffects":true,"showParticleSystems":true},"in2DMode":false,"pivot":{"x":-7.276019096374512,"y":1.5401051044464112,"z":10.486894607543946},"rotation":{"x":0.008455837145447731,"y":0.9916979074478149,"z":-0.07867169380187988,"w":0.10235569626092911},"size":0.7899911999702454,"orthographic":false}