{"cameraMode":{"drawMode":0,"name":"Shaded","section":"Shading Mode"},"sceneLighting":true,"audioPlay":false,"sceneViewState":{"showFog":false,"showMaterialUpdate":false,"showSkybox":false,"showFlares":false,"showImageEffects":false,"showParticleSystems":false},"in2DMode":false,"pivot":{"x":374.3412780761719,"y":30.861251831054689,"z":-34.33293151855469},"rotation":{"x":0.21155928075313569,"y":-0.03518131002783775,"z":0.0076204207725822929,"w":0.9767051339149475},"size":342.31280517578127,"orthographic":false}