{"cameraMode":{"drawMode":0,"name":"Shaded","section":"Shading Mode"},"sceneLighting":true,"audioPlay":false,"sceneViewState":{"showFog":false,"showMaterialUpdate":false,"showSkybox":false,"showFlares":false,"showImageEffects":false,"showParticleSystems":false},"in2DMode":false,"pivot":{"x":532.4132080078125,"y":257.84259033203127,"z":1037.081787109375},"rotation":{"x":-0.00900757871568203,"y":0.0012281533563509584,"z":-0.00004951692244503647,"w":-0.9999787211418152},"size":828.1983642578125,"orthographic":false}