{"cameraMode":{"drawMode":0,"name":"Shaded","section":"Shading Mode"},"sceneLighting":false,"audioPlay":false,"sceneViewState":{"showFog":true,"showMaterialUpdate":false,"showSkybox":false,"showFlares":true,"showImageEffects":true,"showParticleSystems":true},"in2DMode":false,"pivot":{"x":0.7112542390823364,"y":0.5882065892219544,"z":0.17554259300231934},"rotation":{"x":0.014242026954889298,"y":-0.9857239723205566,"z":0.11435984075069428,"w":0.12275780737400055},"size":1.4571738243103028,"orthographic":false}