{"cameraMode":{"drawMode":0,"name":"Shaded","section":"Shading Mode"},"sceneLighting":true,"audioPlay":false,"sceneViewState":{"showFog":false,"showMaterialUpdate":false,"showSkybox":false,"showFlares":true,"showImageEffects":true,"showParticleSystems":true},"in2DMode":false,"pivot":{"x":294.462890625,"y":144.6533966064453,"z":332.7595520019531},"rotation":{"x":0.007801720406860113,"y":-0.000018305274352314882,"z":-0.0003104784118477255,"w":-1.0000795125961304},"size":314.48974609375,"orthographic":false}