{"cameraMode":{"drawMode":0,"name":"Shaded","section":"Shading Mode"},"sceneLighting":true,"audioPlay":false,"sceneViewState":{"showFog":false,"showMaterialUpdate":false,"showSkybox":false,"showFlares":false,"showImageEffects":false,"showParticleSystems":false},"in2DMode":false,"pivot":{"x":297.77520751953127,"y":172.566650390625,"z":303.0378723144531},"rotation":{"x":-0.06176250800490379,"y":0.015880508348345758,"z":-0.0009842071449384094,"w":-0.9979661703109741},"size":366.0204772949219,"orthographic":false}