{"cameraMode":{"drawMode":0,"name":"Shaded","section":"Shading Mode"},"sceneLighting":true,"audioPlay":false,"sceneViewState":{"showFog":false,"showMaterialUpdate":false,"showSkybox":false,"showFlares":true,"showImageEffects":true,"showParticleSystems":true},"in2DMode":false,"pivot":{"x":22.472862243652345,"y":4.229705810546875,"z":-521.832763671875},"rotation":{"x":-0.020111842080950738,"y":0.9793177247047424,"z":-0.1282794326543808,"w":-0.15588593482971192},"size":457.7185974121094,"orthographic":false}