{"cameraMode":{"drawMode":0,"name":"Shaded","section":"Shading Mode"},"sceneLighting":true,"audioPlay":false,"sceneViewState":{"showFog":false,"showMaterialUpdate":false,"showSkybox":false,"showFlares":false,"showImageEffects":false,"showParticleSystems":false},"in2DMode":false,"pivot":{"x":10.601569175720215,"y":1.665631651878357,"z":24.72983169555664},"rotation":{"x":0.026950566098093988,"y":-0.05844539776444435,"z":0.0015782947884872556,"w":0.997926652431488},"size":16.491514205932618,"orthographic":false}