{"cameraMode":{"drawMode":0,"name":"Shaded","section":"Shading Mode"},"sceneLighting":true,"audioPlay":false,"sceneViewState":{"showFog":false,"showMaterialUpdate":false,"showSkybox":false,"showFlares":false,"showImageEffects":false,"showParticleSystems":false},"in2DMode":false,"pivot":{"x":151.42153930664063,"y":119.38523864746094,"z":102.1785888671875},"rotation":{"x":0.0653773844242096,"y":-0.16241957247257234,"z":0.010785861872136593,"w":0.9844960570335388},"size":235.75587463378907,"orthographic":false}