{"cameraMode":{"drawMode":0,"name":"Shaded","section":"Shading Mode"},"sceneLighting":true,"audioPlay":false,"sceneViewState":{"showFog":false,"showMaterialUpdate":false,"showSkybox":false,"showFlares":true,"showImageEffects":true,"showParticleSystems":true},"in2DMode":false,"pivot":{"x":-217.4334716796875,"y":-131.0241241455078,"z":-194.17198181152345},"rotation":{"x":-0.15995505452156068,"y":0.806199312210083,"z":-0.2532830238342285,"w":-0.5104202032089233},"size":321.8609313964844,"orthographic":false}