{"cameraMode":{"drawMode":0,"name":"Shaded","section":"Shading Mode"},"sceneLighting":true,"audioPlay":false,"sceneViewState":{"showFog":false,"showMaterialUpdate":false,"showSkybox":false,"showFlares":false,"showImageEffects":false,"showParticleSystems":false},"in2DMode":false,"pivot":{"x":284.79351806640627,"y":165.87123107910157,"z":445.33148193359377},"rotation":{"x":0.013809168711304665,"y":0.0029949459712952377,"z":-0.00004102935054106638,"w":0.9999089241027832},"size":396.711181640625,"orthographic":false}