{"cameraMode":{"drawMode":0,"name":"Shaded","section":"Shading Mode"},"sceneLighting":true,"audioPlay":false,"sceneViewState":{"showFog":false,"showMaterialUpdate":false,"showSkybox":false,"showFlares":false,"showImageEffects":false,"showParticleSystems":false},"in2DMode":false,"pivot":{"x":430.076416015625,"y":255.86361694335938,"z":11.47735595703125},"rotation":{"x":-0.03929898887872696,"y":-0.005398804321885109,"z":0.00021251438010949641,"w":-0.9992174506187439},"size":239.28448486328126,"orthographic":false}