{"cameraMode":{"drawMode":0,"name":"Shaded","section":"Shading Mode"},"sceneLighting":true,"audioPlay":false,"sceneViewState":{"showFog":false,"showMaterialUpdate":false,"showSkybox":false,"showFlares":true,"showImageEffects":true,"showParticleSystems":true},"in2DMode":false,"pivot":{"x":-12.483868598937989,"y":-1.5166690349578858,"z":17.47966957092285},"rotation":{"x":-0.1455860435962677,"y":0.31315088272094729,"z":-0.04897885397076607,"w":-0.9373059272766113},"size":5.83284854888916,"orthographic":false}