{"cameraMode":{"drawMode":0,"name":"Shaded","section":"Shading Mode"},"sceneLighting":true,"audioPlay":false,"sceneViewState":{"showFog":false,"showMaterialUpdate":false,"showSkybox":false,"showFlares":false,"showImageEffects":false,"showParticleSystems":false},"in2DMode":false,"pivot":{"x":243.68617248535157,"y":158.61875915527345,"z":380.36810302734377},"rotation":{"x":0.03180427476763725,"y":0.001494386582635343,"z":-0.00004753254324896261,"w":0.9994931817054749},"size":365.3416442871094,"orthographic":false}