{"cameraMode":{"drawMode":0,"name":"Shaded","section":"Shading Mode"},"sceneLighting":true,"audioPlay":false,"sceneViewState":{"showFog":false,"showMaterialUpdate":false,"showSkybox":false,"showFlares":false,"showImageEffects":false,"showParticleSystems":false},"in2DMode":false,"pivot":{"x":352.6357421875,"y":176.58692932128907,"z":15.6787109375},"rotation":{"x":0.028805622830986978,"y":0.001494774711318314,"z":-0.00004326203270466067,"w":0.9995867013931274},"size":211.1420135498047,"orthographic":false}