{"cameraMode":{"drawMode":0,"name":"Shaded","section":"Shading Mode"},"sceneLighting":true,"audioPlay":false,"sceneViewState":{"showFog":false,"showMaterialUpdate":false,"showSkybox":false,"showFlares":false,"showImageEffects":false,"showParticleSystems":false},"in2DMode":false,"pivot":{"x":366.9008483886719,"y":264.6997375488281,"z":317.8377685546875},"rotation":{"x":-0.016498886048793794,"y":-0.007202820852398872,"z":-0.00011888410517713055,"w":0.9998387098312378},"size":427.97540283203127,"orthographic":false}