{"cameraMode":{"drawMode":0,"name":"Shaded","section":"Shading Mode"},"sceneLighting":true,"audioPlay":false,"sceneViewState":{"showFog":false,"showMaterialUpdate":false,"showSkybox":false,"showFlares":false,"showImageEffects":false,"showParticleSystems":false},"in2DMode":false,"pivot":{"x":190.34771728515626,"y":158.7892608642578,"z":176.36155700683595},"rotation":{"x":0.12142373621463776,"y":0.03720875829458237,"z":-0.0045549701899290089,"w":0.9918959140777588},"size":303.10577392578127,"orthographic":false}