{"cameraMode":{"drawMode":0,"name":"Shaded","section":"Shading Mode"},"sceneLighting":true,"audioPlay":false,"sceneViewState":{"showFog":false,"showMaterialUpdate":false,"showSkybox":false,"showFlares":false,"showImageEffects":false,"showParticleSystems":false},"in2DMode":false,"pivot":{"x":462.41839599609377,"y":197.98365783691407,"z":-108.8388671875},"rotation":{"x":0.02880488894879818,"y":0.007492562755942345,"z":-0.00021560322784353048,"w":0.9995604753494263},"size":120.37507629394531,"orthographic":false}