{"cameraMode":{"drawMode":0,"name":"Shaded","section":"Shading Mode"},"sceneLighting":true,"audioPlay":false,"sceneViewState":{"showFog":false,"showMaterialUpdate":false,"showSkybox":false,"showFlares":false,"showImageEffects":false,"showParticleSystems":false},"in2DMode":false,"pivot":{"x":302.0965881347656,"y":151.43441772460938,"z":162.69772338867188},"rotation":{"x":0.0497884526848793,"y":0.005987720098346472,"z":-0.00029856269247829914,"w":0.9987448453903198},"size":272.0960388183594,"orthographic":false}