{"cameraMode":{"drawMode":0,"name":"Shaded","section":"Shading Mode"},"sceneLighting":false,"audioPlay":false,"sceneViewState":{"showFog":false,"showMaterialUpdate":false,"showSkybox":false,"showFlares":true,"showImageEffects":true,"showParticleSystems":true},"in2DMode":false,"pivot":{"x":-6.56192684173584,"y":1.1388356685638428,"z":10.30746078491211},"rotation":{"x":0.2579738199710846,"y":-0.2588541507720947,"z":0.0723002627491951,"w":0.9281259775161743},"size":0.7100088596343994,"orthographic":false}