{"cameraMode":{"drawMode":0,"name":"Shaded","section":"Shading Mode"},"sceneLighting":true,"audioPlay":false,"sceneViewState":{"showFog":false,"showMaterialUpdate":false,"showSkybox":false,"showFlares":false,"showImageEffects":false,"showParticleSystems":false},"in2DMode":false,"pivot":{"x":308.1050109863281,"y":171.48748779296876,"z":482.076171875},"rotation":{"x":-0.0018089492805302144,"y":-0.0032709885854274036,"z":0.00001109512504626764,"w":-1.0000027418136597},"size":430.56085205078127,"orthographic":false}