{"cameraMode":{"drawMode":0,"name":"Shaded","section":"Shading Mode"},"sceneLighting":true,"audioPlay":false,"sceneViewState":{"showFog":false,"showMaterialUpdate":false,"showSkybox":false,"showFlares":false,"showImageEffects":false,"showParticleSystems":false},"in2DMode":false,"pivot":{"x":573.7215576171875,"y":344.7979736328125,"z":591.4254150390625},"rotation":{"x":-0.11737405508756638,"y":-0.13833504915237428,"z":0.01651795767247677,"w":-0.983276903629303},"size":932.1221313476563,"orthographic":false}