{"cameraMode":{"drawMode":0,"name":"Shaded","section":"Shading Mode"},"sceneLighting":true,"audioPlay":false,"sceneViewState":{"showFog":false,"showMaterialUpdate":false,"showSkybox":false,"showFlares":false,"showImageEffects":false,"showParticleSystems":false},"in2DMode":false,"pivot":{"x":282.7597351074219,"y":193.5861358642578,"z":116.24578857421875},"rotation":{"x":-0.002690001390874386,"y":-0.01650378666818142,"z":-0.000044321339373709634,"w":0.9998612999916077},"size":286.3193664550781,"orthographic":false}