{"cameraMode":{"drawMode":0,"name":"Shaded","section":"Shading Mode"},"sceneLighting":true,"audioPlay":false,"sceneViewState":{"showFog":false,"showMaterialUpdate":false,"showSkybox":false,"showFlares":false,"showImageEffects":false,"showParticleSystems":false},"in2DMode":false,"pivot":{"x":2.2888920307159426,"y":-18.279415130615236,"z":-17.86101531982422},"rotation":{"x":0.0816199779510498,"y":-0.9172435402870178,"z":0.2983022630214691,"w":0.25111690163612368},"size":12.686790466308594,"orthographic":false}