{"cameraMode":{"drawMode":0,"name":"Shaded","section":"Shading Mode"},"sceneLighting":true,"audioPlay":false,"sceneViewState":{"showFog":false,"showMaterialUpdate":false,"showSkybox":false,"showFlares":false,"showImageEffects":false,"showParticleSystems":false},"in2DMode":false,"pivot":{"x":250.56236267089845,"y":198.73313903808595,"z":-149.15185546875},"rotation":{"x":-0.013809178955852986,"y":0.0020971503108739855,"z":-0.000028943255529156886,"w":-0.9999015927314758},"size":170.10711669921876,"orthographic":false}