{"cameraMode":{"drawMode":0,"name":"Shaded","section":"Shading Mode"},"sceneLighting":true,"audioPlay":false,"sceneViewState":{"showFog":false,"showMaterialUpdate":false,"showSkybox":false,"showFlares":true,"showImageEffects":true,"showParticleSystems":true},"in2DMode":false,"pivot":{"x":-154.00888061523438,"y":-159.74427795410157,"z":300.9293518066406},"rotation":{"x":-0.20581097900867463,"y":0.28853464126586916,"z":-0.06395837664604187,"w":-0.9330183863639832},"size":191.61447143554688,"orthographic":false}