{"cameraMode":{"drawMode":0,"name":"Shaded","section":"Shading Mode"},"sceneLighting":true,"audioPlay":false,"sceneViewState":{"showFog":false,"showMaterialUpdate":false,"showSkybox":false,"showFlares":false,"showImageEffects":false,"showParticleSystems":false},"in2DMode":false,"pivot":{"x":498.4510192871094,"y":311.9246520996094,"z":-0.0409698486328125},"rotation":{"x":-0.00006963472696952522,"y":0.999663233757019,"z":-0.025806689634919168,"w":-0.0026981730479747059},"size":267.0128479003906,"orthographic":false}