{"cameraMode":{"drawMode":0,"name":"Shaded","section":"Shading Mode"},"sceneLighting":true,"audioPlay":false,"sceneViewState":{"showFog":false,"showMaterialUpdate":false,"showSkybox":false,"showFlares":false,"showImageEffects":false,"showParticleSystems":false},"in2DMode":false,"pivot":{"x":20.66307258605957,"y":0.9773480296134949,"z":-4.417212009429932},"rotation":{"x":-0.2905709147453308,"y":0.0642552301287651,"z":-0.019604027271270753,"w":-0.9545137882232666},"size":0.863057553768158,"orthographic":false}