{"cameraMode":{"drawMode":0,"name":"Shaded","section":"Shading Mode"},"sceneLighting":true,"audioPlay":false,"sceneViewState":{"showFog":false,"showMaterialUpdate":false,"showSkybox":false,"showFlares":false,"showImageEffects":false,"showParticleSystems":false},"in2DMode":false,"pivot":{"x":318.3601989746094,"y":120.25123596191406,"z":413.765380859375},"rotation":{"x":0.13786175847053529,"y":0.010394719429314137,"z":-0.0014468858717009426,"w":0.9903979897499085},"size":414.2340393066406,"orthographic":false}