{"cameraMode":{"drawMode":0,"name":"Shaded","section":"Shading Mode"},"sceneLighting":false,"audioPlay":false,"sceneViewState":{"showFog":false,"showMaterialUpdate":false,"showSkybox":false,"showFlares":false,"showImageEffects":false,"showParticleSystems":false},"in2DMode":false,"pivot":{"x":18.944412231445314,"y":3.786684274673462,"z":13.579853057861329},"rotation":{"x":0.06109005957841873,"y":-0.3958952724933624,"z":0.026406312361359597,"w":0.9158825278282166},"size":5.286041259765625,"orthographic":false}