{"cameraMode":{"drawMode":0,"name":"Shaded","section":"Shading Mode"},"sceneLighting":true,"audioPlay":false,"sceneViewState":{"showFog":false,"showMaterialUpdate":false,"showSkybox":false,"showFlares":false,"showImageEffects":false,"showParticleSystems":false},"in2DMode":false,"pivot":{"x":12.276775360107422,"y":3.357607841491699,"z":7.979804992675781},"rotation":{"x":0.02660447359085083,"y":-0.9692955017089844,"z":0.21207451820373536,"w":0.12159592658281326},"size":9.077849388122559,"orthographic":false}