{"cameraMode":{"drawMode":0,"name":"Shaded","section":"Shading Mode"},"sceneLighting":true,"audioPlay":false,"sceneViewState":{"showFog":false,"showMaterialUpdate":false,"showSkybox":false,"showFlares":true,"showImageEffects":true,"showParticleSystems":true},"in2DMode":false,"pivot":{"x":398.02880859375,"y":227.43710327148438,"z":344.090087890625},"rotation":{"x":-0.05666884407401085,"y":-0.021005205810070039,"z":0.0008831808809190989,"w":-0.9982805848121643},"size":406.7101745605469,"orthographic":false}