{"cameraMode":{"drawMode":0,"name":"Shaded","section":"Shading Mode"},"sceneLighting":true,"audioPlay":false,"sceneViewState":{"showFog":false,"showMaterialUpdate":false,"showSkybox":false,"showFlares":false,"showImageEffects":false,"showParticleSystems":false},"in2DMode":false,"pivot":{"x":27.172821044921876,"y":9.460288047790528,"z":18.751060485839845},"rotation":{"x":-0.02390935644507408,"y":-0.972406268119812,"z":0.11519034206867218,"w":-0.20158904790878297},"size":8.253806114196778,"orthographic":false}