{"cameraMode":{"drawMode":0,"name":"Shaded","section":"Shading Mode"},"sceneLighting":true,"audioPlay":false,"sceneViewState":{"showFog":false,"showMaterialUpdate":false,"showSkybox":false,"showFlares":false,"showImageEffects":false,"showParticleSystems":false},"in2DMode":false,"pivot":{"x":259.7379150390625,"y":176.32713317871095,"z":381.3297424316406},"rotation":{"x":0.022807668894529344,"y":0.0014947537565603853,"z":-0.00003408130942261778,"w":0.9997389316558838},"size":365.3416442871094,"orthographic":false}