{"cameraMode":{"drawMode":0,"name":"Shaded","section":"Shading Mode"},"sceneLighting":true,"audioPlay":false,"sceneViewState":{"showFog":false,"showMaterialUpdate":false,"showSkybox":false,"showFlares":false,"showImageEffects":false,"showParticleSystems":false},"in2DMode":false,"pivot":{"x":339.25665283203127,"y":173.51441955566407,"z":-41.05220031738281},"rotation":{"x":0.12472586333751679,"y":0.02827356941998005,"z":-0.00355443824082613,"w":0.9917861819267273},"size":222.84381103515626,"orthographic":false}