{"cameraMode":{"drawMode":0,"name":"Shaded","section":"Shading Mode"},"sceneLighting":true,"audioPlay":false,"sceneViewState":{"showFog":false,"showMaterialUpdate":false,"showSkybox":false,"showFlares":false,"showImageEffects":false,"showParticleSystems":false},"in2DMode":false,"pivot":{"x":476.855712890625,"y":218.0291748046875,"z":931.5596923828125},"rotation":{"x":-0.043494220823049548,"y":-0.00594941945746541,"z":0.00022798041754867882,"w":-0.9990589022636414},"size":745.345458984375,"orthographic":false}