{"cameraMode":{"drawMode":0,"name":"Shaded","section":"Shading Mode"},"sceneLighting":true,"audioPlay":false,"sceneViewState":{"showFog":false,"showMaterialUpdate":false,"showSkybox":false,"showFlares":false,"showImageEffects":false,"showParticleSystems":false},"in2DMode":false,"pivot":{"x":38.9178466796875,"y":28.72215461730957,"z":-11.41928482055664},"rotation":{"x":-0.016731277108192445,"y":0.9816951751708984,"z":0.10315119475126267,"w":0.15923255681991578},"size":17.721960067749025,"orthographic":false}