{"cameraMode":{"drawMode":0,"name":"Shaded","section":"Shading Mode"},"sceneLighting":true,"audioPlay":false,"sceneViewState":{"showFog":false,"showMaterialUpdate":false,"showSkybox":false,"showFlares":false,"showImageEffects":false,"showParticleSystems":false},"in2DMode":false,"pivot":{"x":32.323875427246097,"y":5.035287380218506,"z":7.472848892211914},"rotation":{"x":0.1858723908662796,"y":0.14355789124965669,"z":-0.027441179379820825,"w":0.9716576337814331},"size":34.24292755126953,"orthographic":false}