{"cameraMode":{"drawMode":0,"name":"Shaded","section":"Shading Mode"},"sceneLighting":true,"audioPlay":false,"sceneViewState":{"showFog":false,"showMaterialUpdate":false,"showSkybox":false,"showFlares":false,"showImageEffects":false,"showParticleSystems":false},"in2DMode":false,"pivot":{"x":12.800437927246094,"y":-2.08506441116333,"z":11.454622268676758},"rotation":{"x":-0.2057121992111206,"y":0.03287184610962868,"z":-0.006913952063769102,"w":-0.978037416934967},"size":4.542431831359863,"orthographic":false}