{"cameraMode":{"drawMode":0,"name":"Shaded","section":"Shading Mode"},"sceneLighting":false,"audioPlay":false,"sceneViewState":{"showFog":true,"showMaterialUpdate":false,"showSkybox":false,"showFlares":true,"showImageEffects":true,"showParticleSystems":true},"in2DMode":false,"pivot":{"x":328.48895263671877,"y":219.87481689453126,"z":-21.444091796875},"rotation":{"x":-0.0006137336022220552,"y":-0.9992834329605103,"z":0.03298834338784218,"w":-0.01859043352305889},"size":297.4966735839844,"orthographic":true}