{"cameraMode":{"drawMode":0,"name":"Shaded","section":"Shading Mode"},"sceneLighting":true,"audioPlay":false,"sceneViewState":{"showFog":false,"showMaterialUpdate":false,"showSkybox":false,"showFlares":false,"showImageEffects":false,"showParticleSystems":false},"in2DMode":false,"pivot":{"x":-26.923526763916017,"y":-36.4361572265625,"z":154.79676818847657},"rotation":{"x":-0.19973494112491609,"y":0.26179739832878115,"z":-0.055475864559412,"w":-0.9426003694534302},"size":366.0204772949219,"orthographic":false}