{"cameraMode":{"drawMode":0,"name":"Shaded","section":"Shading Mode"},"sceneLighting":true,"audioPlay":false,"sceneViewState":{"showFog":false,"showMaterialUpdate":false,"showSkybox":false,"showFlares":false,"showImageEffects":false,"showParticleSystems":false},"in2DMode":false,"pivot":{"x":22.052082061767579,"y":-0.6591955423355103,"z":21.0364990234375},"rotation":{"x":0.18112793564796449,"y":-0.7940036058425903,"z":0.28427618741989138,"w":0.5059030055999756},"size":1.443803071975708,"orthographic":false}