{"cameraMode":{"drawMode":0,"name":"Shaded","section":"Shading Mode"},"sceneLighting":true,"audioPlay":false,"sceneViewState":{"showFog":false,"showMaterialUpdate":false,"showSkybox":false,"showFlares":false,"showImageEffects":false,"showParticleSystems":false},"in2DMode":false,"pivot":{"x":298.34014892578127,"y":179.7916259765625,"z":266.31732177734377},"rotation":{"x":-0.002690363209694624,"y":-0.000004631066076399293,"z":-3.586146490874853e-8,"w":0.9999970197677612},"size":338.3008728027344,"orthographic":false}