{"cameraMode":{"drawMode":0,"name":"Shaded","section":"Shading Mode"},"sceneLighting":true,"audioPlay":false,"sceneViewState":{"showFog":false,"showMaterialUpdate":false,"showSkybox":false,"showFlares":true,"showImageEffects":true,"showParticleSystems":true},"in2DMode":false,"pivot":{"x":370.78375244140627,"y":261.86932373046877,"z":152.80459594726563},"rotation":{"x":-0.0003290416207164526,"y":-0.9984932541847229,"z":0.05667411535978317,"w":-0.0002645647618919611},"size":169.63253784179688,"orthographic":false}