{"cameraMode":{"drawMode":0,"name":"Shaded","section":"Shading Mode"},"sceneLighting":true,"audioPlay":false,"sceneViewState":{"showFog":false,"showMaterialUpdate":false,"showSkybox":false,"showFlares":true,"showImageEffects":true,"showParticleSystems":true},"in2DMode":false,"pivot":{"x":224.03350830078126,"y":134.01524353027345,"z":495.2811279296875},"rotation":{"x":-0.04918434098362923,"y":0.0014660012675449253,"z":-0.0003633629239629954,"w":-0.9989013671875},"size":401.67877197265627,"orthographic":false}