{"cameraMode":{"drawMode":0,"name":"Shaded","section":"Shading Mode"},"sceneLighting":true,"audioPlay":false,"sceneViewState":{"showFog":false,"showMaterialUpdate":false,"showSkybox":false,"showFlares":false,"showImageEffects":false,"showParticleSystems":false},"in2DMode":false,"pivot":{"x":0.8865547180175781,"y":-5.488759517669678,"z":9.307555198669434},"rotation":{"x":-0.3277987241744995,"y":0.625026524066925,"z":-0.3256418704986572,"w":-0.6291663646697998},"size":6.099997520446777,"orthographic":false}