{"cameraMode":{"drawMode":0,"name":"Shaded","section":"Shading Mode"},"sceneLighting":true,"audioPlay":false,"sceneViewState":{"showFog":false,"showMaterialUpdate":false,"showSkybox":false,"showFlares":false,"showImageEffects":false,"showParticleSystems":false},"in2DMode":false,"pivot":{"x":292.96234130859377,"y":188.78390502929688,"z":-19.071533203125},"rotation":{"x":-0.019487975165247918,"y":0.014677301049232483,"z":0.00029019967769272625,"w":0.9997125864028931},"size":195.45668029785157,"orthographic":false}