{"cameraMode":{"drawMode":0,"name":"Shaded","section":"Shading Mode"},"sceneLighting":true,"audioPlay":false,"sceneViewState":{"showFog":false,"showMaterialUpdate":false,"showSkybox":false,"showFlares":false,"showImageEffects":false,"showParticleSystems":false},"in2DMode":false,"pivot":{"x":-1.1841659545898438,"y":-8.182740211486817,"z":13.342952728271485},"rotation":{"x":-0.23327545821666718,"y":0.7360348105430603,"z":-0.3092919588088989,"w":-0.5551353693008423},"size":9.340760231018067,"orthographic":false}