{"cameraMode":{"drawMode":0,"name":"Shaded","section":"Shading Mode"},"sceneLighting":true,"audioPlay":false,"sceneViewState":{"showFog":false,"showMaterialUpdate":false,"showSkybox":false,"showFlares":false,"showImageEffects":false,"showParticleSystems":false},"in2DMode":false,"pivot":{"x":62.27753448486328,"y":27.324440002441408,"z":24.182186126708986},"rotation":{"x":0.003892316482961178,"y":0.9861553907394409,"z":-0.16420821845531465,"w":0.02336994558572769},"size":84.53404235839844,"orthographic":true}